Date,Item,Qty Sold,Net Sales (£)
1/9/2026,AFFOGATO,1,
1/9/2026,BREAD & BUTTER,8,
1/9/2026,BURRATA PEACH,2,
1/9/2026,CHIPS,8,
1/9/2026,COKE,5,
1/9/2026,CRAB LINGUINE,3,
1/9/2026,CRÈME BRÛLÉE,1,
1/9/2026,ESPRESSO,5,
1/9/2026,ETON MESS,2,
1/9/2026,FLAT IRON STEAK,5,
1/9/2026,FLAT WHITE,3,
1/9/2026,HADDOCK & CHIPS,4,
1/9/2026,HADDOCK & CHIPS SMAL,2,
1/9/2026,HAKE BROWN SHRIMP,4,
1/9/2026,HOUSE RED 175,8,
1/9/2026,HOUSE SALAD,1,
1/9/2026,HOUSE WHITE 175,10,
1/9/2026,KIDS BURGER,1,
1/9/2026,KIDS ICE CREAM,1,
1/9/2026,KOREAN CAULI,1,
1/9/2026,LAGER PINT,16,
1/9/2026,MACKEREL PATE,4,
1/9/2026,OYSTERS X6,1,
1/9/2026,PEA & MINT RISOTTO,2,
1/9/2026,PEPPERCORN SAUCE,1,
1/9/2026,S&P SQUID,6,
1/9/2026,SET LUNCH 2 COURSE,3,
1/9/2026,SET LUNCH 3 COURSE,1,
1/9/2026,SMASH BURGER,4,
1/9/2026,SOUP OF THE DAY,6,
1/9/2026,SPARKLING WATER,3,
1/9/2026,STICKY TOFFEE PUDDIN,4,
1/9/2026,TENDERSTEM,2,
1/9/2026,TRUFFLE PARM FRIES,6,
1/9/2026,Total,134,
,,,
2/9/2026,AFFOGATO,1,
2/9/2026,BREAD & BUTTER,6,
2/9/2026,BURRATA PEACH,3,
2/9/2026,CHIPS,4,
2/9/2026,COKE,9,
2/9/2026,CRAB LINGUINE,1,
2/9/2026,CRÈME BRÛLÉE,1,
2/9/2026,DARK CHOC TART,2,
2/9/2026,ESPRESSO,8,
2/9/2026,ETON MESS,2,
2/9/2026,FLAT IRON STEAK,3,
2/9/2026,FLAT WHITE,6,
2/9/2026,HADDOCK & CHIPS,7,
2/9/2026,HADDOCK & CHIPS SMAL,1,
2/9/2026,HAKE BROWN SHRIMP,5,
2/9/2026,HOUSE RED 175,7,
2/9/2026,HOUSE SALAD,1,
2/9/2026,HOUSE WHITE 175,10,
2/9/2026,KIDS BURGER,1,
2/9/2026,KOREAN CAULI,4,
2/9/2026,LAGER PINT,16,
2/9/2026,LEMON SOLE,1,
2/9/2026,MACKEREL PATE,2,
2/9/2026,OYSTERS X3,1,
2/9/2026,OYSTERS X6,2,
2/9/2026,PEA & MINT RISOTTO,2,
2/9/2026,PEPPERCORN SAUCE,1,
2/9/2026,S&P SQUID,4,
2/9/2026,SET LUNCH 2 COURSE,3,
2/9/2026,SET LUNCH 3 COURSE,1,
2/9/2026,SMASH BURGER,10,
2/9/2026,SOUP OF THE DAY,5,
2/9/2026,SPARKLING WATER,6,
2/9/2026,STICKY TOFFEE PUDDIN,6,
2/9/2026,TENDERSTEM,2,
2/9/2026,TRUFFLE PARM FRIES,2,
2/9/2026,Total,146,
,,,
3/9/2026,BREAD & BUTTER,3,
3/9/2026,BURRATA PEACH,4,
3/9/2026,CHEESEBOARD 5,1,
3/9/2026,CHIPS,2,
3/9/2026,COKE,4,
3/9/2026,CRAB LINGUINE,4,
3/9/2026,CRÈME BRÛLÉE,2,
3/9/2026,DARK CHOC TART,1,
3/9/2026,ESPRESSO,7,
3/9/2026,ETON MESS,1,
3/9/2026,FLAT IRON STEAK,2,
3/9/2026,FLAT WHITE,6,
3/9/2026,HADDOCK & CHIPS,8,
3/9/2026,HADDOCK & CHIPS SMAL,4,
3/9/2026,HAKE BROWN SHRIMP,2,
3/9/2026,HOUSE RED 175,8,
3/9/2026,HOUSE SALAD,1,
3/9/2026,HOUSE WHITE 175,8,
3/9/2026,KIDS FISH & CHIPS,3,
3/9/2026,KIDS ICE CREAM,1,
3/9/2026,KOREAN CAULI,4,
3/9/2026,LAGER PINT,19,
3/9/2026,MACKEREL PATE,3,
3/9/2026,OYSTERS X3,1,
3/9/2026,OYSTERS X6,2,
3/9/2026,PEA & MINT RISOTTO,1,
3/9/2026,PEPPERCORN SAUCE,1,
3/9/2026,S&P SQUID,3,
3/9/2026,SET LUNCH 2 COURSE,5,
3/9/2026,SMASH BURGER,5,
3/9/2026,SPARKLING WATER,4,
3/9/2026,STICKY TOFFEE PUDDIN,3,
3/9/2026,TRUFFLE PARM FRIES,5,
3/9/2026,Total,128,
,,,
4/9/2026,BREAD & BUTTER,7,
4/9/2026,BURRATA PEACH,4,
4/9/2026,CHEESEBOARD 3,3,
4/9/2026,CHEESEBOARD 5,1,
4/9/2026,CHIPS,5,
4/9/2026,COKE,14,
4/9/2026,CRAB LINGUINE,2,
4/9/2026,CRÈME BRÛLÉE,1,
4/9/2026,DARK CHOC TART,2,
4/9/2026,ESPRESSO,12,
4/9/2026,ETON MESS,3,
4/9/2026,FLAT IRON STEAK,6,
4/9/2026,FLAT WHITE,6,
4/9/2026,HADDOCK & CHIPS,12,
4/9/2026,HADDOCK & CHIPS SMAL,1,
4/9/2026,HAKE BROWN SHRIMP,7,
4/9/2026,HOUSE RED 175,14,
4/9/2026,HOUSE SALAD,1,
4/9/2026,HOUSE WHITE 175,10,
4/9/2026,KIDS BURGER,3,
4/9/2026,KIDS FISH & CHIPS,4,
4/9/2026,KIDS ICE CREAM,5,
4/9/2026,KOREAN CAULI,3,
4/9/2026,LAGER PINT,33,
4/9/2026,LEMON SOLE,3,
4/9/2026,MACKEREL PATE,4,
4/9/2026,OYSTERS X6,2,
4/9/2026,PEA & MINT RISOTTO,2,
4/9/2026,PEPPERCORN SAUCE,1,
4/9/2026,S&P SQUID,5,
4/9/2026,SET LUNCH 3 COURSE,5,
4/9/2026,SMASH BURGER,17,
4/9/2026,SOUP OF THE DAY,6,
4/9/2026,SPARKLING WATER,8,
4/9/2026,STICKY TOFFEE PUDDIN,9,
4/9/2026,TENDERSTEM,3,
4/9/2026,TRUFFLE PARM FRIES,5,
4/9/2026,Total,229,
,,,
5/9/2026,AFFOGATO,1,
5/9/2026,BREAD & BUTTER,7,
5/9/2026,BURRATA PEACH,1,
5/9/2026,CHEESEBOARD 3,3,
5/9/2026,CHEESEBOARD 5,2,
5/9/2026,CHIPS,8,
5/9/2026,COKE,16,
5/9/2026,CRAB LINGUINE,4,
5/9/2026,CRÈME BRÛLÉE,1,
5/9/2026,DARK CHOC TART,3,
5/9/2026,ESPRESSO,10,
5/9/2026,ETON MESS,3,
5/9/2026,FLAT IRON STEAK,7,
5/9/2026,FLAT WHITE,13,
5/9/2026,HADDOCK & CHIPS,14,
5/9/2026,HADDOCK & CHIPS SMAL,4,
5/9/2026,HAKE BROWN SHRIMP,10,
5/9/2026,HOUSE RED 175,14,
5/9/2026,HOUSE SALAD,3,
5/9/2026,HOUSE WHITE 175,18,
5/9/2026,KIDS BURGER,1,
5/9/2026,KIDS FISH & CHIPS,3,
5/9/2026,KIDS ICE CREAM,1,
5/9/2026,KOREAN CAULI,5,
5/9/2026,LAGER PINT,40,
5/9/2026,LEMON SOLE,1,
5/9/2026,MACKEREL PATE,3,
5/9/2026,OYSTERS X3,4,
5/9/2026,PEA & MINT RISOTTO,3,
5/9/2026,PEPPERCORN SAUCE,4,
5/9/2026,S&P SQUID,12,
5/9/2026,SMASH BURGER,16,
5/9/2026,SOUP OF THE DAY,5,
5/9/2026,SPARKLING WATER,11,
5/9/2026,STICKY TOFFEE PUDDIN,8,
5/9/2026,TENDERSTEM,1,
5/9/2026,TRUFFLE PARM FRIES,5,
5/9/2026,Total,265,
,,,
6/9/2026,AFFOGATO,2,
6/9/2026,BREAD & BUTTER,6,
6/9/2026,BURRATA PEACH,3,
6/9/2026,CHEESEBOARD 3,1,
6/9/2026,CHIPS,10,
6/9/2026,COKE,11,
6/9/2026,CRAB LINGUINE,2,
6/9/2026,CRÈME BRÛLÉE,4,
6/9/2026,DARK CHOC TART,1,
6/9/2026,ESPRESSO,1,
6/9/2026,ETON MESS,2,
6/9/2026,FLAT IRON STEAK,5,
6/9/2026,FLAT WHITE,4,
6/9/2026,HADDOCK & CHIPS,6,
6/9/2026,HAKE BROWN SHRIMP,1,
6/9/2026,HOUSE RED 175,13,
6/9/2026,HOUSE WHITE 175,15,
6/9/2026,KIDS FISH & CHIPS,2,
6/9/2026,KOREAN CAULI,3,
6/9/2026,LAGER PINT,25,
6/9/2026,LEMON SOLE,3,
6/9/2026,MACKEREL PATE,3,
6/9/2026,OYSTERS X3,4,
6/9/2026,OYSTERS X6,1,
6/9/2026,PEA & MINT RISOTTO,2,
6/9/2026,PEPPERCORN SAUCE,2,
6/9/2026,S&P SQUID,4,
6/9/2026,SMASH BURGER,6,
6/9/2026,SOUP OF THE DAY,3,
6/9/2026,SPARKLING WATER,4,
6/9/2026,STICKY TOFFEE PUDDIN,8,
6/9/2026,SUNDAY ROAST SIRLOIN,17,
6/9/2026,TENDERSTEM,2,
6/9/2026,TRUFFLE PARM FRIES,1,
6/9/2026,Total,177,
,,,
8/9/2026,BREAD & BUTTER,4,
8/9/2026,BURRATA PEACH,3,
8/9/2026,CHIPS,4,
8/9/2026,COKE,7,
8/9/2026,CRAB LINGUINE,4,
8/9/2026,DARK CHOC TART,2,
8/9/2026,ESPRESSO,3,
8/9/2026,ETON MESS,2,
8/9/2026,FLAT IRON STEAK,3,
8/9/2026,FLAT WHITE,8,
8/9/2026,HADDOCK & CHIPS,7,
8/9/2026,HADDOCK & CHIPS SMAL,2,
8/9/2026,HAKE BROWN SHRIMP,1,
8/9/2026,HOUSE RED 175,6,
8/9/2026,HOUSE SALAD,1,
8/9/2026,HOUSE WHITE 175,8,
8/9/2026,KIDS BURGER,1,
8/9/2026,KIDS FISH & CHIPS,2,
8/9/2026,KIDS ICE CREAM,1,
8/9/2026,KOREAN CAULI,1,
8/9/2026,LAGER PINT,16,
8/9/2026,MACKEREL PATE,5,
8/9/2026,OYSTERS X6,1,
8/9/2026,PEA & MINT RISOTTO,3,
8/9/2026,PEPPERCORN SAUCE,2,
8/9/2026,S&P SQUID,3,
8/9/2026,SET LUNCH 2 COURSE,4,
8/9/2026,SET LUNCH 3 COURSE,1,
8/9/2026,SMASH BURGER,4,
8/9/2026,SOUP OF THE DAY,2,
8/9/2026,SPARKLING WATER,7,
8/9/2026,STICKY TOFFEE PUDDIN,1,
8/9/2026,TENDERSTEM,1,
8/9/2026,TRUFFLE PARM FRIES,3,
8/9/2026,Total,123,
,,,
9/9/2026,AFFOGATO,1,
9/9/2026,BREAD & BUTTER,7,
9/9/2026,BURRATA PEACH,5,
9/9/2026,CHEESEBOARD 3,2,
9/9/2026,CHIPS,4,
9/9/2026,COKE,7,
9/9/2026,CRAB LINGUINE,1,
9/9/2026,CRÈME BRÛLÉE,3,
9/9/2026,ESPRESSO,8,
9/9/2026,ETON MESS,1,
9/9/2026,FLAT IRON STEAK,5,
9/9/2026,FLAT WHITE,6,
9/9/2026,HADDOCK & CHIPS,7,
9/9/2026,HADDOCK & CHIPS SMAL,2,
9/9/2026,HAKE BROWN SHRIMP,3,
9/9/2026,HOUSE RED 175,7,
9/9/2026,HOUSE WHITE 175,10,
9/9/2026,KIDS FISH & CHIPS,1,
9/9/2026,KOREAN CAULI,1,
9/9/2026,LAGER PINT,14,
9/9/2026,LEMON SOLE,2,
9/9/2026,MACKEREL PATE,1,
9/9/2026,OYSTERS X3,2,
9/9/2026,PEA & MINT RISOTTO,3,
9/9/2026,PEPPERCORN SAUCE,1,
9/9/2026,S&P SQUID,4,
9/9/2026,SET LUNCH 3 COURSE,2,
9/9/2026,SMASH BURGER,6,
9/9/2026,SOUP OF THE DAY,2,
9/9/2026,SPARKLING WATER,2,
9/9/2026,STICKY TOFFEE PUDDIN,4,
9/9/2026,TENDERSTEM,3,
9/9/2026,TRUFFLE PARM FRIES,3,
9/9/2026,Total,130,
,,,
10/9/2026,BREAD & BUTTER,6,
10/9/2026,BURRATA PEACH,3,
10/9/2026,CHEESEBOARD 3,1,
10/9/2026,CHIPS,10,
10/9/2026,COKE,13,
10/9/2026,CRAB LINGUINE,3,
10/9/2026,CRÈME BRÛLÉE,1,
10/9/2026,DARK CHOC TART,2,
10/9/2026,ESPRESSO,9,
10/9/2026,ETON MESS,1,
10/9/2026,FLAT IRON STEAK,4,
10/9/2026,FLAT WHITE,5,
10/9/2026,HADDOCK & CHIPS,6,
10/9/2026,HADDOCK & CHIPS SMAL,2,
10/9/2026,HAKE BROWN SHRIMP,5,
10/9/2026,HOUSE RED 175,8,
10/9/2026,HOUSE SALAD,2,
10/9/2026,HOUSE WHITE 175,10,
10/9/2026,KIDS FISH & CHIPS,3,
10/9/2026,KIDS ICE CREAM,2,
10/9/2026,KOREAN CAULI,3,
10/9/2026,LAGER PINT,18,
10/9/2026,MACKEREL PATE,4,
10/9/2026,OYSTERS X3,3,
10/9/2026,OYSTERS X6,1,
10/9/2026,PEA & MINT RISOTTO,4,
10/9/2026,PEPPERCORN SAUCE,2,
10/9/2026,S&P SQUID,6,
10/9/2026,SET LUNCH 2 COURSE,3,
10/9/2026,SET LUNCH 3 COURSE,2,
10/9/2026,SMASH BURGER,13,
10/9/2026,SOUP OF THE DAY,2,
10/9/2026,SPARKLING WATER,5,
10/9/2026,STICKY TOFFEE PUDDIN,5,
10/9/2026,TENDERSTEM,2,
10/9/2026,TRUFFLE PARM FRIES,1,
10/9/2026,Total,170,
,,,
11/9/2026,AFFOGATO,1,
11/9/2026,BREAD & BUTTER,7,
11/9/2026,BURRATA PEACH,5,
11/9/2026,CHEESEBOARD 3,1,
11/9/2026,CHEESEBOARD 5,3,
11/9/2026,CHIPS,9,
11/9/2026,COKE,14,
11/9/2026,CRAB LINGUINE,5,
11/9/2026,CRÈME BRÛLÉE,6,
11/9/2026,ESPRESSO,6,
11/9/2026,ETON MESS,1,
11/9/2026,FLAT IRON STEAK,4,
11/9/2026,FLAT WHITE,7,
11/9/2026,HADDOCK & CHIPS,10,
11/9/2026,HADDOCK & CHIPS SMAL,5,
11/9/2026,HAKE BROWN SHRIMP,7,
11/9/2026,HOUSE RED 175,13,
11/9/2026,HOUSE SALAD,3,
11/9/2026,HOUSE WHITE 175,20,
11/9/2026,KIDS BURGER,4,
11/9/2026,KIDS FISH & CHIPS,1,
11/9/2026,KIDS ICE CREAM,3,
11/9/2026,KOREAN CAULI,3,
11/9/2026,LAGER PINT,28,
11/9/2026,LEMON SOLE,1,
11/9/2026,MACKEREL PATE,2,
11/9/2026,OYSTERS X3,1,
11/9/2026,PEA & MINT RISOTTO,3,
11/9/2026,PEPPERCORN SAUCE,1,
11/9/2026,S&P SQUID,6,
11/9/2026,SET LUNCH 2 COURSE,4,
11/9/2026,SET LUNCH 3 COURSE,5,
11/9/2026,SMASH BURGER,15,
11/9/2026,SOUP OF THE DAY,5,
11/9/2026,SPARKLING WATER,14,
11/9/2026,STICKY TOFFEE PUDDIN,4,
11/9/2026,TENDERSTEM,5,
11/9/2026,TRUFFLE PARM FRIES,4,
11/9/2026,Total,236,
,,,
12/9/2026,AFFOGATO,2,
12/9/2026,BREAD & BUTTER,10,
12/9/2026,BURRATA PEACH,5,
12/9/2026,CHEESEBOARD 3,3,
12/9/2026,CHEESEBOARD 5,2,
12/9/2026,CHIPS,10,
12/9/2026,COKE,19,
12/9/2026,CRAB LINGUINE,3,
12/9/2026,CRÈME BRÛLÉE,5,
12/9/2026,DARK CHOC TART,2,
12/9/2026,ESPRESSO,10,
12/9/2026,ETON MESS,1,
12/9/2026,FLAT IRON STEAK,8,
12/9/2026,FLAT WHITE,6,
12/9/2026,HADDOCK & CHIPS,16,
12/9/2026,HADDOCK & CHIPS SMAL,7,
12/9/2026,HAKE BROWN SHRIMP,6,
12/9/2026,HOUSE RED 175,13,
12/9/2026,HOUSE SALAD,1,
12/9/2026,HOUSE WHITE 175,17,
12/9/2026,KIDS FISH & CHIPS,2,
12/9/2026,KIDS ICE CREAM,1,
12/9/2026,KOREAN CAULI,6,
12/9/2026,LAGER PINT,25,
12/9/2026,LEMON SOLE,2,
12/9/2026,MACKEREL PATE,5,
12/9/2026,OYSTERS X3,2,
12/9/2026,OYSTERS X6,3,
12/9/2026,PEA & MINT RISOTTO,5,
12/9/2026,PEPPERCORN SAUCE,3,
12/9/2026,S&P SQUID,7,
12/9/2026,SMASH BURGER,15,
12/9/2026,SOUP OF THE DAY,5,
12/9/2026,SPARKLING WATER,6,
12/9/2026,STICKY TOFFEE PUDDIN,6,
12/9/2026,TENDERSTEM,4,
12/9/2026,TRUFFLE PARM FRIES,11,
12/9/2026,Total,254,
,,,
13/9/2026,AFFOGATO,2,
13/9/2026,BREAD & BUTTER,5,
13/9/2026,BURRATA PEACH,4,
13/9/2026,CHEESEBOARD 3,1,
13/9/2026,CHIPS,10,
13/9/2026,COKE,14,
13/9/2026,CRAB LINGUINE,1,
13/9/2026,CRÈME BRÛLÉE,2,
13/9/2026,DARK CHOC TART,4,
13/9/2026,ESPRESSO,15,
13/9/2026,ETON MESS,2,
13/9/2026,FLAT IRON STEAK,4,
13/9/2026,FLAT WHITE,5,
13/9/2026,HADDOCK & CHIPS,12,
13/9/2026,HADDOCK & CHIPS SMAL,1,
13/9/2026,HAKE BROWN SHRIMP,6,
13/9/2026,HOUSE RED 175,18,
13/9/2026,HOUSE SALAD,4,
13/9/2026,HOUSE WHITE 175,16,
13/9/2026,KIDS BURGER,2,
13/9/2026,KIDS FISH & CHIPS,3,
13/9/2026,KIDS ICE CREAM,2,
13/9/2026,KOREAN CAULI,6,
13/9/2026,LAGER PINT,30,
13/9/2026,MACKEREL PATE,2,
13/9/2026,OYSTERS X3,3,
13/9/2026,OYSTERS X6,2,
13/9/2026,PEA & MINT RISOTTO,2,
13/9/2026,S&P SQUID,10,
13/9/2026,SMASH BURGER,6,
13/9/2026,SOUP OF THE DAY,5,
13/9/2026,SPARKLING WATER,7,
13/9/2026,STICKY TOFFEE PUDDIN,8,
13/9/2026,SUNDAY ROAST SIRLOIN,20,
13/9/2026,TENDERSTEM,5,
13/9/2026,TRUFFLE PARM FRIES,4,
13/9/2026,Total,243,
,,,
15/9/2026,BREAD & BUTTER,6,
15/9/2026,BURRATA PEACH,2,
15/9/2026,CHIPS,1,
15/9/2026,COKE,7,
15/9/2026,CRAB LINGUINE,1,
15/9/2026,DARK CHOC TART,2,
15/9/2026,ESPRESSO,5,
15/9/2026,ETON MESS,1,
15/9/2026,FLAT IRON STEAK,1,
15/9/2026,FLAT WHITE,4,
15/9/2026,HADDOCK & CHIPS,6,
15/9/2026,HAKE BROWN SHRIMP,3,
15/9/2026,HOUSE RED 175,2,
15/9/2026,HOUSE SALAD,2,
15/9/2026,HOUSE WHITE 175,13,
15/9/2026,KOREAN CAULI,1,
15/9/2026,LAGER PINT,10,
15/9/2026,LEMON SOLE,2,
15/9/2026,MACKEREL PATE,1,
15/9/2026,OYSTERS X3,1,
15/9/2026,OYSTERS X6,3,
15/9/2026,PEA & MINT RISOTTO,2,
15/9/2026,PEPPERCORN SAUCE,1,
15/9/2026,S&P SQUID,2,
15/9/2026,SET LUNCH 2 COURSE,1,
15/9/2026,SET LUNCH 3 COURSE,4,
15/9/2026,SMASH BURGER,6,
15/9/2026,SOUP OF THE DAY,5,
15/9/2026,SPARKLING WATER,4,
15/9/2026,STICKY TOFFEE PUDDIN,1,
15/9/2026,TENDERSTEM,1,
15/9/2026,TRUFFLE PARM FRIES,2,
15/9/2026,Total,103,
,,,
16/9/2026,BREAD & BUTTER,6,
16/9/2026,BURRATA PEACH,1,
16/9/2026,CHEESEBOARD 3,1,
16/9/2026,CHEESEBOARD 5,1,
16/9/2026,CHIPS,6,
16/9/2026,COKE,11,
16/9/2026,CRAB LINGUINE,3,
16/9/2026,CRÈME BRÛLÉE,6,
16/9/2026,DARK CHOC TART,1,
16/9/2026,ESPRESSO,1,
16/9/2026,ETON MESS,2,
16/9/2026,FLAT IRON STEAK,2,
16/9/2026,FLAT WHITE,6,
16/9/2026,HADDOCK & CHIPS,6,
16/9/2026,HAKE BROWN SHRIMP,6,
16/9/2026,HOUSE RED 175,6,
16/9/2026,HOUSE WHITE 175,8,
16/9/2026,KIDS BURGER,1,
16/9/2026,KIDS FISH & CHIPS,3,
16/9/2026,KIDS ICE CREAM,4,
16/9/2026,KOREAN CAULI,1,
16/9/2026,LAGER PINT,19,
16/9/2026,LEMON SOLE,1,
16/9/2026,MACKEREL PATE,3,
16/9/2026,OYSTERS X3,1,
16/9/2026,OYSTERS X6,1,
16/9/2026,PEA & MINT RISOTTO,1,
16/9/2026,PEPPERCORN SAUCE,1,
16/9/2026,S&P SQUID,4,
16/9/2026,SET LUNCH 2 COURSE,3,
16/9/2026,SET LUNCH 3 COURSE,1,
16/9/2026,SMASH BURGER,5,
16/9/2026,SOUP OF THE DAY,1,
16/9/2026,SPARKLING WATER,5,
16/9/2026,STICKY TOFFEE PUDDIN,4,
16/9/2026,TENDERSTEM,1,
16/9/2026,TRUFFLE PARM FRIES,2,
16/9/2026,Total,135,
,,,
17/9/2026,BREAD & BUTTER,9,
17/9/2026,BURRATA PEACH,2,
17/9/2026,CHEESEBOARD 3,1,
17/9/2026,CHEESEBOARD 5,1,
17/9/2026,CHIPS,6,
17/9/2026,COKE,19,
17/9/2026,CRAB LINGUINE,2,
17/9/2026,CRÈME BRÛLÉE,5,
17/9/2026,DARK CHOC TART,1,
17/9/2026,ESPRESSO,6,
17/9/2026,ETON MESS,1,
17/9/2026,FLAT IRON STEAK,6,
17/9/2026,FLAT WHITE,5,
17/9/2026,HADDOCK & CHIPS,6,
17/9/2026,HADDOCK & CHIPS SMAL,4,
17/9/2026,HAKE BROWN SHRIMP,5,
17/9/2026,HOUSE RED 175,9,
17/9/2026,HOUSE SALAD,1,
17/9/2026,HOUSE WHITE 175,14,
17/9/2026,KIDS FISH & CHIPS,1,
17/9/2026,KIDS ICE CREAM,1,
17/9/2026,KOREAN CAULI,2,
17/9/2026,LAGER PINT,27,
17/9/2026,LEMON SOLE,1,
17/9/2026,MACKEREL PATE,2,
17/9/2026,OYSTERS X3,3,
17/9/2026,OYSTERS X6,1,
17/9/2026,PEA & MINT RISOTTO,4,
17/9/2026,PEPPERCORN SAUCE,3,
17/9/2026,S&P SQUID,7,
17/9/2026,SET LUNCH 2 COURSE,4,
17/9/2026,SET LUNCH 3 COURSE,1,
17/9/2026,SMASH BURGER,11,
17/9/2026,SOUP OF THE DAY,4,
17/9/2026,SPARKLING WATER,6,
17/9/2026,STICKY TOFFEE PUDDIN,5,
17/9/2026,TENDERSTEM,3,
17/9/2026,TRUFFLE PARM FRIES,2,
17/9/2026,Total,191,
,,,
18/9/2026,AFFOGATO,3,
18/9/2026,BREAD & BUTTER,9,
18/9/2026,BURRATA PEACH,5,
18/9/2026,CHEESEBOARD 3,2,
18/9/2026,CHEESEBOARD 5,1,
18/9/2026,CHIPS,9,
18/9/2026,COKE,17,
18/9/2026,CRAB LINGUINE,7,
18/9/2026,CRÈME BRÛLÉE,4,
18/9/2026,DARK CHOC TART,1,
18/9/2026,ESPRESSO,11,
18/9/2026,ETON MESS,4,
18/9/2026,FLAT IRON STEAK,8,
18/9/2026,FLAT WHITE,4,
18/9/2026,HADDOCK & CHIPS,13,
18/9/2026,HAKE BROWN SHRIMP,9,
18/9/2026,HOUSE RED 175,12,
18/9/2026,HOUSE WHITE 175,20,
18/9/2026,KIDS BURGER,1,
18/9/2026,KIDS FISH & CHIPS,2,
18/9/2026,KIDS ICE CREAM,3,
18/9/2026,KOREAN CAULI,8,
18/9/2026,LAGER PINT,31,
18/9/2026,LEMON SOLE,1,
18/9/2026,MACKEREL PATE,6,
18/9/2026,OYSTERS X3,2,
18/9/2026,OYSTERS X6,2,
18/9/2026,PEA & MINT RISOTTO,2,
18/9/2026,PEPPERCORN SAUCE,1,
18/9/2026,S&P SQUID,8,
18/9/2026,SET LUNCH 2 COURSE,2,
18/9/2026,SET LUNCH 3 COURSE,1,
18/9/2026,SMASH BURGER,11,
18/9/2026,SOUP OF THE DAY,3,
18/9/2026,SPARKLING WATER,12,
18/9/2026,STICKY TOFFEE PUDDIN,3,
18/9/2026,TENDERSTEM,2,
18/9/2026,TRUFFLE PARM FRIES,3,
18/9/2026,Total,243,
,,,
19/9/2026,AFFOGATO,5,
19/9/2026,BREAD & BUTTER,16,
19/9/2026,BURRATA PEACH,8,
19/9/2026,CHEESEBOARD 5,2,
19/9/2026,CHIPS,10,
19/9/2026,COKE,24,
19/9/2026,CRAB LINGUINE,1,
19/9/2026,CRÈME BRÛLÉE,4,
19/9/2026,DARK CHOC TART,2,
19/9/2026,ESPRESSO,8,
19/9/2026,ETON MESS,1,
19/9/2026,FLAT IRON STEAK,12,
19/9/2026,FLAT WHITE,14,
19/9/2026,HADDOCK & CHIPS,21,
19/9/2026,HADDOCK & CHIPS SMAL,4,
19/9/2026,HAKE BROWN SHRIMP,5,
19/9/2026,HOUSE RED 175,14,
19/9/2026,HOUSE SALAD,3,
19/9/2026,HOUSE WHITE 175,24,
19/9/2026,KIDS BURGER,5,
19/9/2026,KIDS FISH & CHIPS,3,
19/9/2026,KIDS ICE CREAM,4,
19/9/2026,KOREAN CAULI,7,
19/9/2026,LAGER PINT,44,
19/9/2026,LEMON SOLE,4,
19/9/2026,MACKEREL PATE,4,
19/9/2026,OYSTERS X3,5,
19/9/2026,PEA & MINT RISOTTO,2,
19/9/2026,PEPPERCORN SAUCE,4,
19/9/2026,S&P SQUID,12,
19/9/2026,SMASH BURGER,14,
19/9/2026,SOUP OF THE DAY,4,
19/9/2026,SPARKLING WATER,14,
19/9/2026,STICKY TOFFEE PUDDIN,12,
19/9/2026,TENDERSTEM,6,
19/9/2026,TRUFFLE PARM FRIES,10,
19/9/2026,Total,332,
,,,
20/9/2026,AFFOGATO,2,
20/9/2026,BREAD & BUTTER,10,
20/9/2026,BURRATA PEACH,7,
20/9/2026,CHEESEBOARD 3,1,
20/9/2026,CHEESEBOARD 5,1,
20/9/2026,CHIPS,6,
20/9/2026,COKE,16,
20/9/2026,CRÈME BRÛLÉE,5,
20/9/2026,DARK CHOC TART,2,
20/9/2026,ESPRESSO,12,
20/9/2026,FLAT IRON STEAK,2,
20/9/2026,FLAT WHITE,10,
20/9/2026,HADDOCK & CHIPS,7,
20/9/2026,HADDOCK & CHIPS SMAL,5,
20/9/2026,HAKE BROWN SHRIMP,3,
20/9/2026,HOUSE RED 175,10,
20/9/2026,HOUSE SALAD,1,
20/9/2026,HOUSE WHITE 175,20,
20/9/2026,KIDS BURGER,2,
20/9/2026,KIDS FISH & CHIPS,3,
20/9/2026,KIDS ICE CREAM,3,
20/9/2026,KOREAN CAULI,4,
20/9/2026,LAGER PINT,23,
20/9/2026,MACKEREL PATE,2,
20/9/2026,OYSTERS X3,1,
20/9/2026,PEA & MINT RISOTTO,5,
20/9/2026,S&P SQUID,10,
20/9/2026,SMASH BURGER,8,
20/9/2026,SOUP OF THE DAY,2,
20/9/2026,SPARKLING WATER,9,
20/9/2026,STICKY TOFFEE PUDDIN,7,
20/9/2026,SUNDAY ROAST SIRLOIN,25,
20/9/2026,TENDERSTEM,3,
20/9/2026,TRUFFLE PARM FRIES,7,
20/9/2026,Total,234,
,,,
,Grand Total,3473,
